<?xml version="1.0" encoding="UTF-8"?>
<!DOCTYPE suite SYSTEM "http://testng.org/testng-1.0.dtd">
<!-- Begin Test here -->
<suite name="Suite" parallel="false" >
	<parameter name="remoteUrl" value="" />
	<parameter name="redmineUrl" value="" />
	<parameter name="redmineCredenfial" value="" />
	<parameter name="redmineProjectId" value="" />
	<test name="Demo_Chrome">
		<parameter name="browser" value="chrome" />
		<parameter name="sheetName" value="GiaoDichMua" />
		<classes>
			<class name="com.vsii.tcbs.testcase.DetailTransactionBuy" />
		</classes>
	</test>
</suite>